month,genre,song,artist,popularity,rank,region,source
1,流行,孤勇者,陈奕迅,100,1,China,QQ Music
1,流行,起风了,买辣椒也用券,100,2,China,QQ Music
1,流行,野狼disco,宝石gem,100,3,China,QQ Music
1,流行,一生有你,无尽,100,4,China,QQ Music
1,流行,春风十里,许巍,100,5,China,QQ Music
1,流行,好久不见,五月天,98,6,China,QQ Music
1,流行,光年之外,邓紫棋,97,7,China,QQ Music
1,流行,漂洋过海来看你,琦琦,96,8,China,QQ Music
1,流行,告白气球,周杰伦,95,9,China,QQ Music
1,流行,七月上,许魏洲,94,10,China,QQ Music
1,摇滚,光年之外,邓紫棋,97,1,China,QQ Music
1,摇滚,晴天,周杰伦,95,2,China,QQ Music
1,摇滚,蜀国论剑,李宗盛,93,3,China,QQ Music
1,摇滚,黑梦,许巍,91,4,China,QQ Music
1,摇滚,当爱已成往事,赤色群晖,90,5,China,QQ Music
1,摇滚,别再闹了,黑龙,89,6,China,QQ Music
1,摇滚,春风十里,许巍,88,7,China,QQ Music
1,摇滚,烟火里的尘埃,萧敬腾,87,8,China,QQ Music
1,摇滚,曾经的你,许巍,86,9,China,QQ Music
1,摇滚,完美生活,陈奕迅,84,10,China,QQ Music
1,说唱,火,周延,99,1,China,QQ Music
1,说唱,freestyle,GAI,97,2,China,QQ Music
1,说唱,光辉岁月,大禾,94,3,China,QQ Music
1,说唱,火拼,Vava,92,4,China,QQ Music
1,说唱,还要继续,Young G,91,5,China,QQ Music
1,说唱,中国说唱,Awa,90,6,China,QQ Music
1,说唱,节奏,Bridge,89,7,China,QQ Music
1,说唱,生活,Mess,88,8,China,QQ Music
1,说唱,打工人,MC天佑,87,9,China,QQ Music
1,说唱,嘻哈之王,刘柄言,86,10,China,QQ Music
1,民谣,成都,赵雷,100,1,China,QQ Music
1,民谣,理想,赵雷,100,2,China,QQ Music
1,民谣,南山南,马頔,98,3,China,QQ Music
1,民谣,烟火里的尘埃,萧敬腾,96,4,China,QQ Music
1,民谣,曾经的你,许巍,94,5,China,QQ Music
1,民谣,我可能不会爱你,五月天,93,6,China,QQ Music
1,民谣,茉莉花,邓丽君,91,7,China,QQ Music
1,民谣,月满西楼,李清照,90,8,China,QQ Music
1,民谣,梦里花,许巍,89,9,China,QQ Music
1,民谣,故乡,齐秦,88,10,China,QQ Music
1,电子,往后余生,MJ,93,1,China,QQ Music
1,电子,潮鸣,DJ,91,2,China,QQ Music
1,电子,未来的序曲,电子乐队,89,3,China,QQ Music
1,电子,星河渐暖,Synth,88,4,China,QQ Music
1,电子,冲破星辰,EDM,87,5,China,QQ Music
1,电子,电音之声,Deep House,86,6,China,QQ Music
1,电子,脉冲,Pulse,84,7,China,QQ Music
1,电子,光电,Light,83,8,China,QQ Music
1,电子,节拍,Beat,82,9,China,QQ Music
1,电子,韵律,Rhythm,81,10,China,QQ Music
2,流行,孤勇者,陈奕迅,100,1,China,QQ Music
2,流行,起风了,买辣椒也用券,100,2,China,QQ Music
2,流行,野狼disco,宝石gem,100,3,China,QQ Music
2,流行,一生有你,无尽,100,4,China,QQ Music
2,流行,春风十里,许巍,100,5,China,QQ Music
2,流行,好久不见,五月天,98,6,China,QQ Music
2,流行,光年之外,邓紫棋,97,7,China,QQ Music
2,流行,漂洋过海来看你,琦琦,96,8,China,QQ Music
2,流行,告白气球,周杰伦,95,9,China,QQ Music
2,流行,七月上,许魏洲,94,10,China,QQ Music
2,摇滚,光年之外,邓紫棋,97,1,China,QQ Music
2,摇滚,晴天,周杰伦,95,2,China,QQ Music
2,摇滚,蜀国论剑,李宗盛,93,3,China,QQ Music
2,摇滚,黑梦,许巍,91,4,China,QQ Music
2,摇滚,当爱已成往事,赤色群晖,90,5,China,QQ Music
2,摇滚,别再闹了,黑龙,88,6,China,QQ Music
2,摇滚,春风十里,许巍,87,7,China,QQ Music
2,摇滚,烟火里的尘埃,萧敬腾,86,8,China,QQ Music
2,摇滚,曾经的你,许巍,85,9,China,QQ Music
2,摇滚,完美生活,陈奕迅,84,10,China,QQ Music
2,说唱,火,周延,99,1,China,QQ Music
2,说唱,freestyle,GAI,97,2,China,QQ Music
2,说唱,光辉岁月,大禾,94,3,China,QQ Music
2,说唱,火拼,Vava,92,4,China,QQ Music
2,说唱,还要继续,Young G,91,5,China,QQ Music
2,说唱,中国说唱,Awa,90,6,China,QQ Music
2,说唱,节奏,Bridge,88,7,China,QQ Music
2,说唱,生活,Mess,87,8,China,QQ Music
2,说唱,打工人,MC天佑,86,9,China,QQ Music
2,说唱,嘻哈之王,刘柄言,85,10,China,QQ Music
2,民谣,成都,赵雷,100,1,China,QQ Music
2,民谣,理想,赵雷,100,2,China,QQ Music
2,民谣,南山南,马頔,98,3,China,QQ Music
2,民谣,烟火里的尘埃,萧敬腾,96,4,China,QQ Music
2,民谣,曾经的你,许巍,94,5,China,QQ Music
2,民谣,我可能不会爱你,五月天,93,6,China,QQ Music
2,民谣,茉莉花,邓丽君,91,7,China,QQ Music
2,民谣,月满西楼,李清照,90,8,China,QQ Music
2,民谣,梦里花,许巍,88,9,China,QQ Music
2,民谣,故乡,齐秦,87,10,China,QQ Music
2,电子,往后余生,MJ,93,1,China,QQ Music
2,电子,潮鸣,DJ,91,2,China,QQ Music
2,电子,未来的序曲,电子乐队,88,3,China,QQ Music
2,电子,星河渐暖,Synth,87,4,China,QQ Music
2,电子,冲破星辰,EDM,86,5,China,QQ Music
2,电子,电音之声,Deep House,85,6,China,QQ Music
2,电子,脉冲,Pulse,84,7,China,QQ Music
2,电子,光电,Light,83,8,China,QQ Music
2,电子,节拍,Beat,82,9,China,QQ Music
2,电子,韵律,Rhythm,81,10,China,QQ Music
3,流行,孤勇者,陈奕迅,100,1,China,QQ Music
3,流行,起风了,买辣椒也用券,100,2,China,QQ Music
3,流行,野狼disco,宝石gem,100,3,China,QQ Music
3,流行,一生有你,无尽,100,4,China,QQ Music
3,流行,春风十里,许巍,100,5,China,QQ Music
3,流行,好久不见,五月天,98,6,China,QQ Music
3,流行,光年之外,邓紫棋,97,7,China,QQ Music
3,流行,漂洋过海来看你,琦琦,96,8,China,QQ Music
3,流行,告白气球,周杰伦,95,9,China,QQ Music
3,流行,七月上,许魏洲,94,10,China,QQ Music
3,摇滚,光年之外,邓紫棋,97,1,China,QQ Music
3,摇滚,晴天,周杰伦,95,2,China,QQ Music
3,摇滚,蜀国论剑,李宗盛,93,3,China,QQ Music
3,摇滚,黑梦,许巍,90,4,China,QQ Music
3,摇滚,当爱已成往事,赤色群晖,89,5,China,QQ Music
3,摇滚,别再闹了,黑龙,88,6,China,QQ Music
3,摇滚,春风十里,许巍,87,7,China,QQ Music
3,摇滚,烟火里的尘埃,萧敬腾,86,8,China,QQ Music
3,摇滚,曾经的你,许巍,85,9,China,QQ Music
3,摇滚,完美生活,陈奕迅,84,10,China,QQ Music
3,说唱,火,周延,99,1,China,QQ Music
3,说唱,freestyle,GAI,97,2,China,QQ Music
3,说唱,光辉岁月,大禾,94,3,China,QQ Music
3,说唱,火拼,Vava,91,4,China,QQ Music
3,说唱,还要继续,Young G,90,5,China,QQ Music
3,说唱,中国说唱,Awa,89,6,China,QQ Music
3,说唱,节奏,Bridge,88,7,China,QQ Music
3,说唱,生活,Mess,87,8,China,QQ Music
3,说唱,打工人,MC天佑,86,9,China,QQ Music
3,说唱,嘻哈之王,刘柄言,85,10,China,QQ Music
3,民谣,成都,赵雷,100,1,China,QQ Music
3,民谣,理想,赵雷,100,2,China,QQ Music
3,民谣,南山南,马頔,98,3,China,QQ Music
3,民谣,烟火里的尘埃,萧敬腾,96,4,China,QQ Music
3,民谣,曾经的你,许巍,94,5,China,QQ Music
3,民谣,我可能不会爱你,五月天,93,6,China,QQ Music
3,民谣,茉莉花,邓丽君,90,7,China,QQ Music
3,民谣,月满西楼,李清照,89,8,China,QQ Music
3,民谣,梦里花,许巍,88,9,China,QQ Music
3,民谣,故乡,齐秦,87,10,China,QQ Music
3,电子,往后余生,MJ,93,1,China,QQ Music
3,电子,潮鸣,DJ,90,2,China,QQ Music
3,电子,未来的序曲,电子乐队,88,3,China,QQ Music
3,电子,星河渐暖,Synth,87,4,China,QQ Music
3,电子,冲破星辰,EDM,86,5,China,QQ Music
3,电子,电音之声,Deep House,85,6,China,QQ Music
3,电子,脉冲,Pulse,84,7,China,QQ Music
3,电子,光电,Light,83,8,China,QQ Music
3,电子,节拍,Beat,82,9,China,QQ Music
3,电子,韵律,Rhythm,81,10,China,QQ Music
4,流行,孤勇者,陈奕迅,100,1,China,QQ Music
4,流行,起风了,买辣椒也用券,100,2,China,QQ Music
4,流行,野狼disco,宝石gem,100,3,China,QQ Music
4,流行,一生有你,无尽,100,4,China,QQ Music
4,流行,春风十里,许巍,100,5,China,QQ Music
4,流行,好久不见,五月天,98,6,China,QQ Music
4,流行,光年之外,邓紫棋,96,7,China,QQ Music
4,流行,漂洋过海来看你,琦琦,95,8,China,QQ Music
4,流行,告白气球,周杰伦,94,9,China,QQ Music
4,流行,七月上,许魏洲,93,10,China,QQ Music
4,摇滚,光年之外,邓紫棋,96,1,China,QQ Music
4,摇滚,晴天,周杰伦,94,2,China,QQ Music
4,摇滚,蜀国论剑,李宗盛,92,3,China,QQ Music
4,摇滚,黑梦,许巍,90,4,China,QQ Music
4,摇滚,当爱已成往事,赤色群晖,89,5,China,QQ Music
4,摇滚,别再闹了,黑龙,88,6,China,QQ Music
4,摇滚,春风十里,许巍,87,7,China,QQ Music
4,摇滚,烟火里的尘埃,萧敬腾,86,8,China,QQ Music
4,摇滚,曾经的你,许巍,85,9,China,QQ Music
4,摇滚,完美生活,陈奕迅,84,10,China,QQ Music
4,说唱,火,周延,99,1,China,QQ Music
4,说唱,freestyle,GAI,96,2,China,QQ Music
4,说唱,光辉岁月,大禾,93,3,China,QQ Music
4,说唱,火拼,Vava,91,4,China,QQ Music
4,说唱,还要继续,Young G,90,5,China,QQ Music
4,说唱,中国说唱,Awa,89,6,China,QQ Music
4,说唱,节奏,Bridge,88,7,China,QQ Music
4,说唱,生活,Mess,87,8,China,QQ Music
4,说唱,打工人,MC天佑,86,9,China,QQ Music
4,说唱,嘻哈之王,刘柄言,85,10,China,QQ Music
4,民谣,成都,赵雷,100,1,China,QQ Music
4,民谣,理想,赵雷,100,2,China,QQ Music
4,民谣,南山南,马頔,98,3,China,QQ Music
4,民谣,烟火里的尘埃,萧敬腾,95,4,China,QQ Music
4,民谣,曾经的你,许巍,93,5,China,QQ Music
4,民谣,我可能不会爱你,五月天,92,6,China,QQ Music
4,民谣,茉莉花,邓丽君,90,7,China,QQ Music
4,民谣,月满西楼,李清照,89,8,China,QQ Music
4,民谣,梦里花,许巍,88,9,China,QQ Music
4,民谣,故乡,齐秦,87,10,China,QQ Music
4,电子,往后余生,MJ,92,1,China,QQ Music
4,电子,潮鸣,DJ,90,2,China,QQ Music
4,电子,未来的序曲,电子乐队,88,3,China,QQ Music
4,电子,星河渐暖,Synth,87,4,China,QQ Music
4,电子,冲破星辰,EDM,86,5,China,QQ Music
4,电子,电音之声,Deep House,85,6,China,QQ Music
4,电子,脉冲,Pulse,84,7,China,QQ Music
4,电子,光电,Light,83,8,China,QQ Music
4,电子,节拍,Beat,82,9,China,QQ Music
4,电子,韵律,Rhythm,81,10,China,QQ Music
5,流行,孤勇者,陈奕迅,100,1,China,QQ Music
5,流行,起风了,买辣椒也用券,100,2,China,QQ Music
5,流行,野狼disco,宝石gem,100,3,China,QQ Music
5,流行,一生有你,无尽,100,4,China,QQ Music
5,流行,春风十里,许巍,99,5,China,QQ Music
5,流行,好久不见,五月天,97,6,China,QQ Music
5,流行,光年之外,邓紫棋,96,7,China,QQ Music
5,流行,漂洋过海来看你,琦琦,95,8,China,QQ Music
5,流行,告白气球,周杰伦,94,9,China,QQ Music
5,流行,七月上,许魏洲,93,10,China,QQ Music
5,摇滚,光年之外,邓紫棋,96,1,China,QQ Music
5,摇滚,晴天,周杰伦,94,2,China,QQ Music
5,摇滚,蜀国论剑,李宗盛,92,3,China,QQ Music
5,摇滚,黑梦,许巍,90,4,China,QQ Music
5,摇滚,当爱已成往事,赤色群晖,89,5,China,QQ Music
5,摇滚,别再闹了,黑龙,88,6,China,QQ Music
5,摇滚,春风十里,许巍,87,7,China,QQ Music
5,摇滚,烟火里的尘埃,萧敬腾,86,8,China,QQ Music
5,摇滚,曾经的你,许巍,84,9,China,QQ Music
5,摇滚,完美生活,陈奕迅,83,10,China,QQ Music
5,说唱,火,周延,98,1,China,QQ Music
5,说唱,freestyle,GAI,96,2,China,QQ Music
5,说唱,光辉岁月,大禾,93,3,China,QQ Music
5,说唱,火拼,Vava,91,4,China,QQ Music
5,说唱,还要继续,Young G,90,5,China,QQ Music
5,说唱,中国说唱,Awa,89,6,China,QQ Music
5,说唱,节奏,Bridge,88,7,China,QQ Music
5,说唱,生活,Mess,87,8,China,QQ Music
5,说唱,打工人,MC天佑,86,9,China,QQ Music
5,说唱,嘻哈之王,刘柄言,84,10,China,QQ Music
5,民谣,成都,赵雷,100,1,China,QQ Music
5,民谣,理想,赵雷,99,2,China,QQ Music
5,民谣,南山南,马頔,97,3,China,QQ Music
5,民谣,烟火里的尘埃,萧敬腾,95,4,China,QQ Music
5,民谣,曾经的你,许巍,93,5,China,QQ Music
5,民谣,我可能不会爱你,五月天,92,6,China,QQ Music
5,民谣,茉莉花,邓丽君,90,7,China,QQ Music
5,民谣,月满西楼,李清照,89,8,China,QQ Music
5,民谣,梦里花,许巍,88,9,China,QQ Music
5,民谣,故乡,齐秦,87,10,China,QQ Music
5,电子,往后余生,MJ,92,1,China,QQ Music
5,电子,潮鸣,DJ,90,2,China,QQ Music
5,电子,未来的序曲,电子乐队,88,3,China,QQ Music
5,电子,星河渐暖,Synth,87,4,China,QQ Music
5,电子,冲破星辰,EDM,86,5,China,QQ Music
5,电子,电音之声,Deep House,84,6,China,QQ Music
5,电子,脉冲,Pulse,83,7,China,QQ Music
5,电子,光电,Light,82,8,China,QQ Music
5,电子,节拍,Beat,81,9,China,QQ Music
5,电子,韵律,Rhythm,80,10,China,QQ Music
6,流行,孤勇者,陈奕迅,100,1,China,QQ Music
6,流行,起风了,买辣椒也用券,100,2,China,QQ Music
6,流行,野狼disco,宝石gem,100,3,China,QQ Music
6,流行,一生有你,无尽,100,4,China,QQ Music
6,流行,春风十里,许巍,99,5,China,QQ Music
6,流行,好久不见,五月天,97,6,China,QQ Music
6,流行,光年之外,邓紫棋,96,7,China,QQ Music
6,流行,漂洋过海来看你,琦琦,95,8,China,QQ Music
6,流行,告白气球,周杰伦,94,9,China,QQ Music
6,流行,七月上,许魏洲,93,10,China,QQ Music
6,摇滚,光年之外,邓紫棋,96,1,China,QQ Music
6,摇滚,晴天,周杰伦,94,2,China,QQ Music
6,摇滚,蜀国论剑,李宗盛,92,3,China,QQ Music
6,摇滚,黑梦,许巍,89,4,China,QQ Music
6,摇滚,当爱已成往事,赤色群晖,88,5,China,QQ Music
6,摇滚,别再闹了,黑龙,87,6,China,QQ Music
6,摇滚,春风十里,许巍,86,7,China,QQ Music
6,摇滚,烟火里的尘埃,萧敬腾,85,8,China,QQ Music
6,摇滚,曾经的你,许巍,84,9,China,QQ Music
6,摇滚,完美生活,陈奕迅,83,10,China,QQ Music
6,说唱,火,周延,98,1,China,QQ Music
6,说唱,freestyle,GAI,96,2,China,QQ Music
6,说唱,光辉岁月,大禾,93,3,China,QQ Music
6,说唱,火拼,Vava,91,4,China,QQ Music
6,说唱,还要继续,Young G,89,5,China,QQ Music
6,说唱,中国说唱,Awa,88,6,China,QQ Music
6,说唱,节奏,Bridge,87,7,China,QQ Music
6,说唱,生活,Mess,86,8,China,QQ Music
6,说唱,打工人,MC天佑,85,9,China,QQ Music
6,说唱,嘻哈之王,刘柄言,84,10,China,QQ Music
6,民谣,成都,赵雷,100,1,China,QQ Music
6,民谣,理想,赵雷,99,2,China,QQ Music
6,民谣,南山南,马頔,97,3,China,QQ Music
6,民谣,烟火里的尘埃,萧敬腾,95,4,China,QQ Music
6,民谣,曾经的你,许巍,93,5,China,QQ Music
6,民谣,我可能不会爱你,五月天,92,6,China,QQ Music
6,民谣,茉莉花,邓丽君,89,7,China,QQ Music
6,民谣,月满西楼,李清照,88,8,China,QQ Music
6,民谣,梦里花,许巍,87,9,China,QQ Music
6,民谣,故乡,齐秦,86,10,China,QQ Music
6,电子,往后余生,MJ,92,1,China,QQ Music
6,电子,潮鸣,DJ,89,2,China,QQ Music
6,电子,未来的序曲,电子乐队,87,3,China,QQ Music
6,电子,星河渐暖,Synth,86,4,China,QQ Music
6,电子,冲破星辰,EDM,85,5,China,QQ Music
6,电子,电音之声,Deep House,84,6,China,QQ Music
6,电子,脉冲,Pulse,83,7,China,QQ Music
6,电子,光电,Light,82,8,China,QQ Music
6,电子,节拍,Beat,81,9,China,QQ Music
6,电子,韵律,Rhythm,80,10,China,QQ Music
7,流行,孤勇者,陈奕迅,100,1,China,QQ Music
7,流行,起风了,买辣椒也用券,100,2,China,QQ Music
7,流行,野狼disco,宝石gem,100,3,China,QQ Music
7,流行,一生有你,无尽,100,4,China,QQ Music
7,流行,春风十里,许巍,99,5,China,QQ Music
7,流行,好久不见,五月天,97,6,China,QQ Music
7,流行,光年之外,邓紫棋,95,7,China,QQ Music
7,流行,漂洋过海来看你,琦琦,94,8,China,QQ Music
7,流行,告白气球,周杰伦,93,9,China,QQ Music
7,流行,七月上,许魏洲,92,10,China,QQ Music
7,摇滚,光年之外,邓紫棋,95,1,China,QQ Music
7,摇滚,晴天,周杰伦,93,2,China,QQ Music
7,摇滚,蜀国论剑,李宗盛,91,3,China,QQ Music
7,摇滚,黑梦,许巍,89,4,China,QQ Music
7,摇滚,当爱已成往事,赤色群晖,88,5,China,QQ Music
7,摇滚,别再闹了,黑龙,87,6,China,QQ Music
7,摇滚,春风十里,许巍,86,7,China,QQ Music
7,摇滚,烟火里的尘埃,萧敬腾,85,8,China,QQ Music
7,摇滚,曾经的你,许巍,84,9,China,QQ Music
7,摇滚,完美生活,陈奕迅,83,10,China,QQ Music
7,说唱,火,周延,98,1,China,QQ Music
7,说唱,freestyle,GAI,95,2,China,QQ Music
7,说唱,光辉岁月,大禾,92,3,China,QQ Music
7,说唱,火拼,Vava,90,4,China,QQ Music
7,说唱,还要继续,Young G,89,5,China,QQ Music
7,说唱,中国说唱,Awa,88,6,China,QQ Music
7,说唱,节奏,Bridge,87,7,China,QQ Music
7,说唱,生活,Mess,86,8,China,QQ Music
7,说唱,打工人,MC天佑,85,9,China,QQ Music
7,说唱,嘻哈之王,刘柄言,84,10,China,QQ Music
7,民谣,成都,赵雷,100,1,China,QQ Music
7,民谣,理想,赵雷,99,2,China,QQ Music
7,民谣,南山南,马頔,97,3,China,QQ Music
7,民谣,烟火里的尘埃,萧敬腾,94,4,China,QQ Music
7,民谣,曾经的你,许巍,92,5,China,QQ Music
7,民谣,我可能不会爱你,五月天,91,6,China,QQ Music
7,民谣,茉莉花,邓丽君,89,7,China,QQ Music
7,民谣,月满西楼,李清照,88,8,China,QQ Music
7,民谣,梦里花,许巍,87,9,China,QQ Music
7,民谣,故乡,齐秦,86,10,China,QQ Music
7,电子,往后余生,MJ,91,1,China,QQ Music
7,电子,潮鸣,DJ,89,2,China,QQ Music
7,电子,未来的序曲,电子乐队,87,3,China,QQ Music
7,电子,星河渐暖,Synth,86,4,China,QQ Music
7,电子,冲破星辰,EDM,85,5,China,QQ Music
7,电子,电音之声,Deep House,84,6,China,QQ Music
7,电子,脉冲,Pulse,83,7,China,QQ Music
7,电子,光电,Light,82,8,China,QQ Music
7,电子,节拍,Beat,81,9,China,QQ Music
7,电子,韵律,Rhythm,80,10,China,QQ Music
8,流行,孤勇者,陈奕迅,100,1,China,QQ Music
8,流行,起风了,买辣椒也用券,100,2,China,QQ Music
8,流行,野狼disco,宝石gem,100,3,China,QQ Music
8,流行,一生有你,无尽,100,4,China,QQ Music
8,流行,春风十里,许巍,100,5,China,QQ Music
8,流行,好久不见,五月天,99,6,China,QQ Music
8,流行,光年之外,邓紫棋,98,7,China,QQ Music
8,流行,漂洋过海来看你,琦琦,96,8,China,QQ Music
8,流行,告白气球,周杰伦,95,9,China,QQ Music
8,流行,七月上,许魏洲,94,10,China,QQ Music
8,摇滚,光年之外,邓紫棋,98,1,China,QQ Music
8,摇滚,晴天,周杰伦,95,2,China,QQ Music
8,摇滚,蜀国论剑,李宗盛,93,3,China,QQ Music
8,摇滚,黑梦,许巍,91,4,China,QQ Music
8,摇滚,当爱已成往事,赤色群晖,90,5,China,QQ Music
8,摇滚,别再闹了,黑龙,89,6,China,QQ Music
8,摇滚,春风十里,许巍,88,7,China,QQ Music
8,摇滚,烟火里的尘埃,萧敬腾,87,8,China,QQ Music
8,摇滚,曾经的你,许巍,86,9,China,QQ Music
8,摇滚,完美生活,陈奕迅,85,10,China,QQ Music
8,说唱,火,周延,100,1,China,QQ Music
8,说唱,freestyle,GAI,98,2,China,QQ Music
8,说唱,光辉岁月,大禾,94,3,China,QQ Music
8,说唱,火拼,Vava,92,4,China,QQ Music
8,说唱,还要继续,Young G,91,5,China,QQ Music
8,说唱,中国说唱,Awa,90,6,China,QQ Music
8,说唱,节奏,Bridge,89,7,China,QQ Music
8,说唱,生活,Mess,88,8,China,QQ Music
8,说唱,打工人,MC天佑,87,9,China,QQ Music
8,说唱,嘻哈之王,刘柄言,86,10,China,QQ Music
8,民谣,成都,赵雷,100,1,China,QQ Music
8,民谣,理想,赵雷,100,2,China,QQ Music
8,民谣,南山南,马頔,99,3,China,QQ Music
8,民谣,烟火里的尘埃,萧敬腾,96,4,China,QQ Music
8,民谣,曾经的你,许巍,94,5,China,QQ Music
8,民谣,我可能不会爱你,五月天,93,6,China,QQ Music
8,民谣,茉莉花,邓丽君,91,7,China,QQ Music
8,民谣,月满西楼,李清照,90,8,China,QQ Music
8,民谣,梦里花,许巍,89,9,China,QQ Music
8,民谣,故乡,齐秦,88,10,China,QQ Music
8,电子,往后余生,MJ,93,1,China,QQ Music
8,电子,潮鸣,DJ,91,2,China,QQ Music
8,电子,未来的序曲,电子乐队,89,3,China,QQ Music
8,电子,星河渐暖,Synth,88,4,China,QQ Music
8,电子,冲破星辰,EDM,87,5,China,QQ Music
8,电子,电音之声,Deep House,86,6,China,QQ Music
8,电子,脉冲,Pulse,85,7,China,QQ Music
8,电子,光电,Light,84,8,China,QQ Music
8,电子,节拍,Beat,82,9,China,QQ Music
8,电子,韵律,Rhythm,81,10,China,QQ Music
9,流行,孤勇者,陈奕迅,100,1,China,QQ Music
9,流行,起风了,买辣椒也用券,100,2,China,QQ Music
9,流行,野狼disco,宝石gem,100,3,China,QQ Music
9,流行,一生有你,无尽,100,4,China,QQ Music
9,流行,春风十里,许巍,100,5,China,QQ Music
9,流行,好久不见,五月天,100,6,China,QQ Music
9,流行,光年之外,邓紫棋,100,7,China,QQ Music
9,流行,漂洋过海来看你,琦琦,98,8,China,QQ Music
9,流行,告白气球,周杰伦,97,9,China,QQ Music
9,流行,七月上,许魏洲,96,10,China,QQ Music
9,摇滚,光年之外,邓紫棋,100,1,China,QQ Music
9,摇滚,晴天,周杰伦,97,2,China,QQ Music
9,摇滚,蜀国论剑,李宗盛,95,3,China,QQ Music
9,摇滚,黑梦,许巍,93,4,China,QQ Music
9,摇滚,当爱已成往事,赤色群晖,92,5,China,QQ Music
9,摇滚,别再闹了,黑龙,91,6,China,QQ Music
9,摇滚,春风十里,许巍,90,7,China,QQ Music
9,摇滚,烟火里的尘埃,萧敬腾,89,8,China,QQ Music
9,摇滚,曾经的你,许巍,87,9,China,QQ Music
9,摇滚,完美生活,陈奕迅,86,10,China,QQ Music
9,说唱,火,周延,100,1,China,QQ Music
9,说唱,freestyle,GAI,100,2,China,QQ Music
9,说唱,光辉岁月,大禾,96,3,China,QQ Music
9,说唱,火拼,Vava,94,4,China,QQ Music
9,说唱,还要继续,Young G,93,5,China,QQ Music
9,说唱,中国说唱,Awa,92,6,China,QQ Music
9,说唱,节奏,Bridge,91,7,China,QQ Music
9,说唱,生活,Mess,90,8,China,QQ Music
9,说唱,打工人,MC天佑,89,9,China,QQ Music
9,说唱,嘻哈之王,刘柄言,87,10,China,QQ Music
9,民谣,成都,赵雷,100,1,China,QQ Music
9,民谣,理想,赵雷,100,2,China,QQ Music
9,民谣,南山南,马頔,100,3,China,QQ Music
9,民谣,烟火里的尘埃,萧敬腾,98,4,China,QQ Music
9,民谣,曾经的你,许巍,96,5,China,QQ Music
9,民谣,我可能不会爱你,五月天,95,6,China,QQ Music
9,民谣,茉莉花,邓丽君,93,7,China,QQ Music
9,民谣,月满西楼,李清照,92,8,China,QQ Music
9,民谣,梦里花,许巍,91,9,China,QQ Music
9,民谣,故乡,齐秦,90,10,China,QQ Music
9,电子,往后余生,MJ,95,1,China,QQ Music
9,电子,潮鸣,DJ,93,2,China,QQ Music
9,电子,未来的序曲,电子乐队,91,3,China,QQ Music
9,电子,星河渐暖,Synth,90,4,China,QQ Music
9,电子,冲破星辰,EDM,89,5,China,QQ Music
9,电子,电音之声,Deep House,87,6,China,QQ Music
9,电子,脉冲,Pulse,86,7,China,QQ Music
9,电子,光电,Light,85,8,China,QQ Music
9,电子,节拍,Beat,84,9,China,QQ Music
9,电子,韵律,Rhythm,83,10,China,QQ Music
10,流行,孤勇者,陈奕迅,100,1,China,QQ Music
10,流行,起风了,买辣椒也用券,100,2,China,QQ Music
10,流行,野狼disco,宝石gem,100,3,China,QQ Music
10,流行,一生有你,无尽,100,4,China,QQ Music
10,流行,春风十里,许巍,100,5,China,QQ Music
10,流行,好久不见,五月天,100,6,China,QQ Music
10,流行,光年之外,邓紫棋,100,7,China,QQ Music
10,流行,漂洋过海来看你,琦琦,100,8,China,QQ Music
10,流行,告白气球,周杰伦,99,9,China,QQ Music
10,流行,七月上,许魏洲,98,10,China,QQ Music
10,摇滚,光年之外,邓紫棋,100,1,China,QQ Music
10,摇滚,晴天,周杰伦,99,2,China,QQ Music
10,摇滚,蜀国论剑,李宗盛,97,3,China,QQ Music
10,摇滚,黑梦,许巍,95,4,China,QQ Music
10,摇滚,当爱已成往事,赤色群晖,94,5,China,QQ Music
10,摇滚,别再闹了,黑龙,93,6,China,QQ Music
10,摇滚,春风十里,许巍,92,7,China,QQ Music
10,摇滚,烟火里的尘埃,萧敬腾,90,8,China,QQ Music
10,摇滚,曾经的你,许巍,89,9,China,QQ Music
10,摇滚,完美生活,陈奕迅,88,10,China,QQ Music
10,说唱,火,周延,100,1,China,QQ Music
10,说唱,freestyle,GAI,100,2,China,QQ Music
10,说唱,光辉岁月,大禾,98,3,China,QQ Music
10,说唱,火拼,Vava,96,4,China,QQ Music
10,说唱,还要继续,Young G,95,5,China,QQ Music
10,说唱,中国说唱,Awa,94,6,China,QQ Music
10,说唱,节奏,Bridge,93,7,China,QQ Music
10,说唱,生活,Mess,92,8,China,QQ Music
10,说唱,打工人,MC天佑,90,9,China,QQ Music
10,说唱,嘻哈之王,刘柄言,89,10,China,QQ Music
10,民谣,成都,赵雷,100,1,China,QQ Music
10,民谣,理想,赵雷,100,2,China,QQ Music
10,民谣,南山南,马頔,100,3,China,QQ Music
10,民谣,烟火里的尘埃,萧敬腾,100,4,China,QQ Music
10,民谣,曾经的你,许巍,98,5,China,QQ Music
10,民谣,我可能不会爱你,五月天,97,6,China,QQ Music
10,民谣,茉莉花,邓丽君,95,7,China,QQ Music
10,民谣,月满西楼,李清照,94,8,China,QQ Music
10,民谣,梦里花,许巍,93,9,China,QQ Music
10,民谣,故乡,齐秦,92,10,China,QQ Music
10,电子,往后余生,MJ,97,1,China,QQ Music
10,电子,潮鸣,DJ,95,2,China,QQ Music
10,电子,未来的序曲,电子乐队,93,3,China,QQ Music
10,电子,星河渐暖,Synth,92,4,China,QQ Music
10,电子,冲破星辰,EDM,90,5,China,QQ Music
10,电子,电音之声,Deep House,89,6,China,QQ Music
10,电子,脉冲,Pulse,88,7,China,QQ Music
10,电子,光电,Light,87,8,China,QQ Music
10,电子,节拍,Beat,86,9,China,QQ Music
10,电子,韵律,Rhythm,85,10,China,QQ Music
11,流行,孤勇者,陈奕迅,100,1,China,QQ Music
11,流行,起风了,买辣椒也用券,100,2,China,QQ Music
11,流行,野狼disco,宝石gem,100,3,China,QQ Music
11,流行,一生有你,无尽,100,4,China,QQ Music
11,流行,春风十里,许巍,100,5,China,QQ Music
11,流行,好久不见,五月天,100,6,China,QQ Music
11,流行,光年之外,邓紫棋,100,7,China,QQ Music
11,流行,漂洋过海来看你,琦琦,100,8,China,QQ Music
11,流行,告白气球,周杰伦,100,9,China,QQ Music
11,流行,七月上,许魏洲,100,10,China,QQ Music
11,摇滚,光年之外,邓紫棋,100,1,China,QQ Music
11,摇滚,晴天,周杰伦,100,2,China,QQ Music
11,摇滚,蜀国论剑,李宗盛,99,3,China,QQ Music
11,摇滚,黑梦,许巍,97,4,China,QQ Music
11,摇滚,当爱已成往事,赤色群晖,96,5,China,QQ Music
11,摇滚,别再闹了,黑龙,95,6,China,QQ Music
11,摇滚,春风十里,许巍,93,7,China,QQ Music
11,摇滚,烟火里的尘埃,萧敬腾,92,8,China,QQ Music
11,摇滚,曾经的你,许巍,91,9,China,QQ Music
11,摇滚,完美生活,陈奕迅,90,10,China,QQ Music
11,说唱,火,周延,100,1,China,QQ Music
11,说唱,freestyle,GAI,100,2,China,QQ Music
11,说唱,光辉岁月,大禾,100,3,China,QQ Music
11,说唱,火拼,Vava,98,4,China,QQ Music
11,说唱,还要继续,Young G,97,5,China,QQ Music
11,说唱,中国说唱,Awa,96,6,China,QQ Music
11,说唱,节奏,Bridge,95,7,China,QQ Music
11,说唱,生活,Mess,93,8,China,QQ Music
11,说唱,打工人,MC天佑,92,9,China,QQ Music
11,说唱,嘻哈之王,刘柄言,91,10,China,QQ Music
11,民谣,成都,赵雷,100,1,China,QQ Music
11,民谣,理想,赵雷,100,2,China,QQ Music
11,民谣,南山南,马頔,100,3,China,QQ Music
11,民谣,烟火里的尘埃,萧敬腾,100,4,China,QQ Music
11,民谣,曾经的你,许巍,100,5,China,QQ Music
11,民谣,我可能不会爱你,五月天,99,6,China,QQ Music
11,民谣,茉莉花,邓丽君,97,7,China,QQ Music
11,民谣,月满西楼,李清照,96,8,China,QQ Music
11,民谣,梦里花,许巍,95,9,China,QQ Music
11,民谣,故乡,齐秦,93,10,China,QQ Music
11,电子,往后余生,MJ,99,1,China,QQ Music
11,电子,潮鸣,DJ,97,2,China,QQ Music
11,电子,未来的序曲,电子乐队,95,3,China,QQ Music
11,电子,星河渐暖,Synth,93,4,China,QQ Music
11,电子,冲破星辰,EDM,92,5,China,QQ Music
11,电子,电音之声,Deep House,91,6,China,QQ Music
11,电子,脉冲,Pulse,90,7,China,QQ Music
11,电子,光电,Light,89,8,China,QQ Music
11,电子,节拍,Beat,88,9,China,QQ Music
11,电子,韵律,Rhythm,87,10,China,QQ Music
12,流行,孤勇者,陈奕迅,100,1,China,QQ Music
12,流行,起风了,买辣椒也用券,100,2,China,QQ Music
12,流行,野狼disco,宝石gem,100,3,China,QQ Music
12,流行,一生有你,无尽,100,4,China,QQ Music
12,流行,春风十里,许巍,100,5,China,QQ Music
12,流行,好久不见,五月天,100,6,China,QQ Music
12,流行,光年之外,邓紫棋,100,7,China,QQ Music
12,流行,漂洋过海来看你,琦琦,100,8,China,QQ Music
12,流行,告白气球,周杰伦,100,9,China,QQ Music
12,流行,七月上,许魏洲,100,10,China,QQ Music
12,摇滚,光年之外,邓紫棋,100,1,China,QQ Music
12,摇滚,晴天,周杰伦,100,2,China,QQ Music
12,摇滚,蜀国论剑,李宗盛,100,3,China,QQ Music
12,摇滚,黑梦,许巍,99,4,China,QQ Music
12,摇滚,当爱已成往事,赤色群晖,98,5,China,QQ Music
12,摇滚,别再闹了,黑龙,97,6,China,QQ Music
12,摇滚,春风十里,许巍,95,7,China,QQ Music
12,摇滚,烟火里的尘埃,萧敬腾,94,8,China,QQ Music
12,摇滚,曾经的你,许巍,93,9,China,QQ Music
12,摇滚,完美生活,陈奕迅,92,10,China,QQ Music
12,说唱,火,周延,100,1,China,QQ Music
12,说唱,freestyle,GAI,100,2,China,QQ Music
12,说唱,光辉岁月,大禾,100,3,China,QQ Music
12,说唱,火拼,Vava,100,4,China,QQ Music
12,说唱,还要继续,Young G,99,5,China,QQ Music
12,说唱,中国说唱,Awa,98,6,China,QQ Music
12,说唱,节奏,Bridge,97,7,China,QQ Music
12,说唱,生活,Mess,95,8,China,QQ Music
12,说唱,打工人,MC天佑,94,9,China,QQ Music
12,说唱,嘻哈之王,刘柄言,93,10,China,QQ Music
12,民谣,成都,赵雷,100,1,China,QQ Music
12,民谣,理想,赵雷,100,2,China,QQ Music
12,民谣,南山南,马頔,100,3,China,QQ Music
12,民谣,烟火里的尘埃,萧敬腾,100,4,China,QQ Music
12,民谣,曾经的你,许巍,100,5,China,QQ Music
12,民谣,我可能不会爱你,五月天,100,6,China,QQ Music
12,民谣,茉莉花,邓丽君,99,7,China,QQ Music
12,民谣,月满西楼,李清照,98,8,China,QQ Music
12,民谣,梦里花,许巍,97,9,China,QQ Music
12,民谣,故乡,齐秦,95,10,China,QQ Music
12,电子,往后余生,MJ,100,1,China,QQ Music
12,电子,潮鸣,DJ,99,2,China,QQ Music
12,电子,未来的序曲,电子乐队,97,3,China,QQ Music
12,电子,星河渐暖,Synth,95,4,China,QQ Music
12,电子,冲破星辰,EDM,94,5,China,QQ Music
12,电子,电音之声,Deep House,93,6,China,QQ Music
12,电子,脉冲,Pulse,92,7,China,QQ Music
12,电子,光电,Light,91,8,China,QQ Music
12,电子,节拍,Beat,89,9,China,QQ Music
12,电子,韵律,Rhythm,88,10,China,QQ Music
